"","article_URL","creator","article_title","content","img_link","date"
"1","https://www.inits.at/12-inits-demo-day-high-tech-goes-academia/","INiTS","12. INITS DEMO DAY: HIGH TECH GOES ACADEMIA.","Am 3. Dezember pitchten insgesamt zehn Wiener High Tech Startups, die allesamt das 100-tägige Startup Camp von INiTS durchlaufen haben, vor einer prominent besetzten Jury und InvestorInnen im bestens besetzten Kuppelsaal der TU Wien. Nähere Infos dazu gibt es in der Presseaussendung und in der Nachberichterstattung von Trending Topics und INiTS Partner Der Brutkasten.","https://www.inits.at/wp-content/uploads/2019/12/Beitragsbilder.019.jpeg","5. Dezember 2019"
"2","https://www.inits.at/2300/","INiTS","INiTS Demo Day #13","Der 13. INiTS Demo Day findet erstmals virtuell und Online statt. Oder quasi halb/halb. 10 Startups, die erfolgreich das Startup-Camp durchlaufen haben, präsentieren live im INiTS Coworking Space vor einer Jury vor Ort – mit gebührendem Sicherheitsabstand voneinander – und einem Online-Publikum von über 150 angemeldeten TeilnehmerInnen. Nachdem das Networking bei Buffett und Getränken diesmal ausfällt, haben wir uns neue Wege einfallen lassen, um Startups und Interessenten miteinander zu vernetzen. InvestorInnen im Publikum können über ein Netzwerk-Formular auf der Livestreamseite ihre Gesprächwünsche mit den Teams bekanntgeben und werden dann für 1:1 Gespräche in den nächsten Tagen miteinander vernetzt – Online oder physisch im INiTS-Büro. Wir sind gespannt – und gleichzeitig überzeugt, dass es uns gelingen wird, unsere Startups trotz der völlig anderen Umstände von der besten Seite zu zeigen!","https://www.inits.at/wp-content/uploads/2020/06/Beitragsbilder.014.jpeg","17. Juni 2020"
"3","https://www.inits.at/akos-kertesz-von-tubolito-im-scaleup-talk/","INiTS","Ákos Kertész von Tubolito im SCALEup Talk","Ákos Kertész von Tubolito im SCALEup Talk Ákos Kertész (Maschinenbauingenieur) und Christian Lembacher (Chemiker) sind die Gründer von Tubolito. Ursprünglich arbeiteten die beiden in der Smartphone-Industrie, wo sie nach einem langlebigen Material für Lautsprechermembranen forschten. Diese müssen sehr leicht und robust sein. “Das wäre doch auch was für Fahrräder”, dachten sich die beiden Hobbymountainbiker und entwickelten eine einzigartige Technologie, um aus einem speziellen Thermoplastischen Elastomeren High-Tech-Fahrradschläuche herzustellen. www.tubolito.com Play Video","https://www.inits.at/wp-content/uploads/2021/02/Scaleuptalk.016.jpeg","9. April 2021"
"4","https://www.inits.at/anna-iarotska-im-scaleup-talk/","INiTS","Anna Iarotska im SCALEup Talk","Anna Iarotska im SCALEup Talk Anna Iarotska ist Absolventin der London School of Economics und verfügt über mehr als 10 Jahre Erfahrung als Beraterin und Projektleiterin von Investitions- und Entwicklungsprojekten. Sie ist in der Ukraine aufgewachsen, lebte und arbeitete in Deutschland, Großbritannien, China, den USA und jetzt in Österreich. Mit Robo Wunderkind ist es ihr gelungen, einen neuen Ansatz zur Verknüpfung von Technologie und Bildung zu entwickeln. Sie und ihr Team inspirieren Kinder zum Erlernen zukunftsorientierter Fähigkeiten, indem sie Momente von Spaß und Spiel in Verbindung mit einer Lernerfahrung schaffen. Play Video","https://www.inits.at/wp-content/uploads/2020/10/ScaleupTalk_Web.010.jpeg","10. Oktober 2020"
"5","https://www.inits.at/aplusb-scaleup-wirkungsanalyse-inkubation-wirkt/","INiTS","AplusB Scaleup Wirkungsanalyse: Inkubation wirkt!","Die vom Austria Wirtschaftsservice (aws) gemeinsam mit allen AplusB Scaleup Inkubatoren beauftragte Wirkungsanalyse zeigt klar und deutlich: Die Inkubations-Programme wirken und leisten wichtige Aufbauarbeit für die unternehmerische Landschaft Österreichs. Kurz zusammengefasst zeigen die soeben veröffentlichten Ergebnisse der von Joanneum Research Policies durchgeführten Studie Folgendes: AplusB Scale-up Unternehmen fördern Forschung und Innovation in diversen Märkten, sie stärken das Innovationssystem und dessen Wettbewerbsfähigkeit, sie starten mit anspruchsvollen Projekten und entwickeln sich robuster und nachhaltig. Bestätigt wird diese Wirkung durch den Vergleich mit nicht inkubierten Startups: AplusB Startups schaffen mehr Beschäftigung, ihr Umsatz ist höher und ihre Überlebensrate ist größer. Auch die F & E-Intensität beträgt ein Vielfaches, rund ein Drittel der betreuten Unternehmen meldet in den ersten vier Jahren neue Patente an. Mehrwert für alle „Uns war es wichtig zu zeigen, welchen Mehrwert die AplusB Scale-up Inkubatoren sowohl für hochinnovative Gründungsprojekte als auch für die gesamte Volkswirtschaft haben. Die Ergebnisse liefern zudem Input in Sachen Verlängerung des Förderprogramms ab 2022“, fasst Mag.a Marlis Baurecht die Zielsetzung der Wirkungsanalyse zusammen. Sie ist bei der Austria Wirtschaftsservice GmbH (aws) für Entrepreneurship, Schutzrechte und Seedförderungen und damit auch für das AplusB Scale-up Programm zuständig. Hohe Überlebensrate Der steuerbare Umsatz von AplusB Scale-up Projekten entwickelt sich in den ersten zwei bis vier Jahren langsamer als in der Vergleichsgruppe, was bei stark forschungsorientierten Unternehmen in der Natur der Sache liegt. Dann starten sie aber durch und liegen ab Jahr sechs durchgehend voran, ab dem zehnten Jahr bereits um mehr als ein Drittel. In dieser Auswertung findet sich auch die weiterführende Begründung für eine nachweislich höhere Überlebensrate: Sie wird durch die gezielte Behebung unternehmerischer und individueller Defizite, durch die Konzeption von trag- und marktfähigen Businessplänen, durch Sichtbarkeit und Vernetzung und durch den professionellen Zugang zu Förderungen, Darlehen und InvestorInnen ermöglicht. Auch wenn die Auftraggeber*innen der Studie von guten Ergebnissen ausgegangen sind – so manch hoher Wert hat sogar sie positiv überrascht: „Natürlich wussten wir, dass wir mit dem Programm für die GründerInnen eine gute Basis in Sachen Beratung zur Erweiterung des Geschäftsmodells, zu Networking und Anschubfinanzierung leisten. Umso erfreulicher ist es, dass sich die Wirkung dieses Starter-Kits so deutlich unter anderem in der viel besseren Überlebensrate von inkubierten gegenüber nicht inkubierten Startups niederschlägt“, zeigt sich Marlis Baurecht erfreut. Konkret überleben rund 94 Prozent der AplusB Unternehmen das dritte Jahr ihres Bestehens, im siebten Jahr sind es rund 80 Prozent. Die nicht inkubierten Unternehmen liegen bei rund 70 bzw. 50 Prozent. „Diese Ergebnisse zeigen, dass es z. B. im Umwelttechnologie- oder Life Sciences-Bereich eine große Menge an exzellenten und spannenden Scale-up Projekten gibt, deren Entwicklung allerdings länger dauert. Damit ist das Risiko auch höher und die Begleitung durch öffentliche Inkubatoren-Systeme sinnvoll. Denn ein privater Inkubator hat selten einen so langen Atem“, führt die aws-Expertin weiter aus. Nachhaltiger Beschäftigungseffekt „Die Impact-Studie zeigt ganz deutlich, dass das AplusB Scale-up (ABS) Programm wirkt“, sagt auch INiTS CEO Dr.in Irene Fialka und hebt besonders die erfreuliche Auswertung im Bereich der nachhaltigen Beschäftigungswirkung in Zukunftsbranchen hervor: „AplusB Scale-up Gründungsprojekte schaffen mehr Arbeitsplätze und Wien liegt in diesem Segment noch einmal voran.“ So weisen die aktiven AplusB Scale-up Unternehmen im Durchschnitt nach sechs Jahren mehr als zehn und nach zehn Jahren mehr als zwanzig unselbständig Beschäftigte auf. Im fünften Jahr ihres Bestehens haben AplusB-inkubierte Startups im österreichweiten Durchschnitt neun Mitarbeiter*innen, in Wien liegt dieser Wert sogar bei zwölf. Nicht AplusB-inkubierte Startups hingegen schaffen im gleichen Zeitraum nur knapp zwei neue Arbeitsplätze. „Ein echtes ABS-Programm!“, freut sich Irene Fialka. Im Rahmen der aktuellen Förderperiode konnte auch ein etwas höherer Beschäftigungsanteil von Frauen von 23 Prozent gegenüber zuvor von 16 Prozent erreicht werden, der Anteil der Gründerinnen stieg von zuvor 9 auf 17 Prozent an. Bereits im dritten Jahr nach der Gründung exportiert ein Drittel der AplusB Scale-up Unternehmen, in der Kontrollgruppe liegt die Exportneigung im untersuchten Fünf-Jahres-Zeitraum stets nur um zehn Prozent. Risiko minimieren Für Marlis Baurecht hängen die hohen Beschäftigungszahlen auch mit der Fokussierung auf Projekte mit höherem Entwicklungsrisiko zusammen. Denn bei solchen Startups ist auch der Innovationsgrad hoch, was bei einer guten Begleitung der Gründer*innen nach dem ersten Durchtauchen zu einem überdurchschnittlichen Wachstum führt: „Wir können diese Risiken in den ersten Monaten der Inkubation gut darstellen, steuern und in der Folge minimieren.“ Warum gerade bei riskanten, weil entwicklungsintensiven Projekten die Inkubationsprogramme so gut wirken, liegen für Marlis Baurecht – nun auch durch die Studie bestätigt – auf der Hand: „Sie unterstützen die Gründer*innen in einer sehr frühen Phase dabei, so viele Kompetenzen wie möglich im eigenen Team abzubilden. Denn je mehr Bereiche wie z. B. Technologieentwicklung und betriebswirtschaftliches Wissen schon durch das Gründungsteam abgedeckt werden, desto widerstandsfähiger ist ein Startup. Ergänzt durch erste Finanzierungen werden Innovationsschritte besser vorangetrieben, die Positionierung ist nachhaltiger, das Unternehmen krisenresistenter.“","https://www.inits.at/wp-content/uploads/2020/12/Beitragsbilder.048.jpeg","17. Dezember 2020"
"6","https://www.inits.at/cashy-erhaelt-millioneninvestment-vom-aws-gruenderfonds/","INiTS","CASHY erhält Millioneninvestment vom aws Gründerfonds","CASHY erhält Millioneninvestment vom aws Gründerfonds Die Wiener Softwareplattform CASHY erhält ein Millioneninvestment für die Bewertung von beweglichen Wertgegenständen für kurzfristige Kredite oder den direkten Ankauf. Die Seed-Finanzierungsrunde wird vom aws Gründerfonds angeführt, die Bestandsinvestoren KK Incube Invest Management GmbH und Michael Müller beteiligen sich ebenfalls an der Runde. Foto © Philipp Lipiarski Link zum Originalbeitrag","https://www.inits.at/wp-content/uploads/2021/03/image-scaled.jpeg","12. März 2021"
"7","https://www.inits.at/climatelaunchpad-austria-2020-die-gewinner/","INiTS","ClimateLaunchpad Austria 2020 – die Gewinner","ClimateLaunchpad ist der weltweit größte Ideenwettbewerb für nachhaltiges Unternehmertum. INiTS ist Kooperationspartner des ClimateLaunchpad Austria, dessen jährliches Programm 14. August mit dem großen nationalen Finale abschloss. Acht von ExpertInnen kuratierte Teams traten in einer Pitching-Competition gegeneinander an – heuer aufgrund der COVID-19-Maßnahmen erstmalig online.Die Teams pitchten ihre Ideen von zu Hause aus vor einer Jury bestehend aus fünf SpezialistInnen, die sich im Talent Garden Vienna zur Bewertung zusammengefunden haben. Das Finale wurde weltweit gestreamt und kann unter folgendem Link nachgeschaut werden: https://www.youtube.com/watch?v=hEOf3ut4JPsWir gratulieren herzlich allen GewinnerInnen, aber auch allen anderen teilnehmenden Teams!Die Gewinnerteams des ClimateLaunchpad Austria 2020:1. Platz: Legendary Vish (3D-gedruckte, pflanzenbasierte Fischprodukte)2. Platz: AeroSQAIR (Moosinstallationen zur Verbesserung von Raumluft in Ubahnstationen)3. Platz: Soapy (Puderseifenspender)Weitere Teams (in alphabetischer Reihenfolge):Epiclay (Modulares Green-Wall-System)ForThem Solutions (biologisch-abbaubare Plastikalternativen)Inoqo (Einkaufsapp zum Nachverfolgen des Social & Environmental Impacts)Keine Mærchen (Lachsubstitut aus Karotten)Uptraded (Online Kleidertauschplattform)Hier ein paar Eindrücke vom Finale: Previous Next","https://www.inits.at/wp-content/uploads/2020/08/Beitragsbilder.004.jpeg","27. August 2020"
"8","https://www.inits.at/contextflow-sucht-cfo-part-time/","INiTS","contextflow sucht CFO (part time)","contextflow sucht CFO (part time) As CFO, you will lead financial planning, make contextflow’s finances continue to work under scaling, support fundraising, and help prepare the company for a potential exit. Link zum Originalbeitrag","https://www.inits.at/wp-content/uploads/2021/04/logotile_contextflow.jpeg","13. April 2021"
"9","https://www.inits.at/cornelia-diesenreiter-von-unverschwendet-im-scaleup-talk/","INiTS","Cornelia Diesenreiter von Unverschwendet im SCALEup TALK","Cornelia Diesenreiter von Unverschwendet im SCALEup TALK Cornelia Diesenreiter hat zusammen mit ihrem Bruder Andreas 2016 Unverschwendet gegründet – mit der Vision, den größtmöglichen nachhaltigen Impact im Bereich Lebensmittelabfallvermeidung zu erreichen: ökologisch, sozial und ökonomisch. Allein in Österreich werden jährlich tausende Tonnen Obst und Gemüse entsorgt, weil sie zu groß, zu klein, zu krumm sind, oder als Überschuss für Landwirt*innen kurzfristig nicht absetzbar sind. Unverschwendet wurden bisher nur aus dem Großraum Wien über 7.500 Tonnen überschüssiges Obst und Gemüse angeboten. Die Feinkostproduktion ist dabei nur der erste Schritt zur großen Unverschwendung. Mit einem Smarten Überschussmanagementsystem sollen zukünftig Überschüsse in der Landwirtschaft systematisch erfasst und kommerziell für die Lebensmittelindustrie, Gastronomie und den (Groß-)Handel verfügbar gemacht werden. Unverschwendet arbeitet außerdem bereits mit der Wiener Tafel und anderen Sozialeinrichtungen zusammen. Mehrere weitere Wege werden bereits ausgetestet und in naher Zukunft auch öffentlich zugänglich gemacht. www.unverschwendet.at Play Video","https://www.inits.at/wp-content/uploads/2020/10/Scaleuptalk.015.jpeg","12. März 2021"
"10","https://www.inits.at/corona-haelt-uns-nicht-auf/","INiTS","Corona? Hält uns nicht auf, oder…?","Zuerst war da die Verunsicherung. Die Anmeldezahlen waren während des Lockdowns deutlich zurückgegangen, weit unter den Schnitt der Vorjahre. Und die Deadline rückte immer näher. Werden wir überhaupt genügend Teams für ein Startup Camp haben? Was machen wir, wenn…? Und dann, in den letzten Tagen vor Anmeldeschluss die Erleichterung: Corona hält uns und alle, die die Abenteuerreise Startup wagen wollen, nicht auf, höchstens ein bisschen zurück: Über 70 Anmeldungen in einer Woche! Insgesamt waren es dann 120 Interessierte, die am SCALEup Inkubationsprogramm teilnehmen wollten, 53 davon sind in die Qualification-Phase gestartet, 32 haben in Workshops ihr Business Model und ihre Value Proposition hinterfragt und verbessert. Diese Phase ist tatsächlich ein Qualifizierungsprozess, in dem durch Input, Feedback und Reflexion die Qualität der eigenen Idee und ihrer Präsentation massiv erhöht wird. Davon profitieren auch Bewerber und Bewerberinnen, die es schlussendlich nicht bis ins intensive Inkubationsprogramm schaffen. Der abschließenden Team-Challenge, das heißt der Präsentation vor dem kritischen INiTS-BeraterInnen-Team, haben sich dann 15 Teams gestellt, 11 davon haben diese Hürde erfolgreich gemeistert und werden sich nun nach einem intensiven Pitch-Training im August vor dem Projektbeirat präsentieren. Und jetzt das Überraschende: Diese Zahlen liegen alle im Bereich der Vorjahre bzw. -perioden, zum Teil sogar darüber! Ein ganz klares Zeichen also: Der Gründungswille ist ungebrochen, Corona hält uns nicht auf! Die SCALEup Phasen Übrigens – Anmelden für ein Erstgespräch und damit eine Einschätzung, ob die Idee prinzipiell gefördert werden kann, ist jederzeit möglich!","https://www.inits.at/wp-content/uploads/2020/07/Beitragsbilder.012.jpeg","21. Juli 2020"
"11","https://www.inits.at/das-war-der-health-hub-vienna-innovation-day/","INiTS","Das war der Health Hub Vienna Innovation Day","Der Health Hub Vienna Innovation Day am 17.September 2020 präsentierte sich als Plattform für ein brisantes Thema: Sollen durch COVID-19 „erzwungene“ Lösungen beibehalten und vielleicht sogar weiterentwickelt werden oder sollen wir eine Rückkehr zur „alten“ Normalität, zum „business as usual“ anstreben? Gemeinsam mit dem Dachverband der Österreichischen Sozialversicherungen lud der Health Hub Vienna Expertinnen und Experten, allesamt Insider des österreichischen Gesundheitswesens zum Innovation Day. Ziel war, neue Ideen und Möglichkeiten zur Digitalisierung des Gesundheitswesens zu diskutieren und das Whitepaper „COVID-19 – eine Chance für das Gesundheitssystem in Österreich“ vorzustellen. Die Pandemie löste eine Reihe von Innovationen und kreativen Lösungen aus – weil sie plötzlich unabdingbar waren. Viele der neuen Lösungen bewähren sich – zeigen die Notwendigkeit von Digital Health und gleichzeitig das große Potential Österreichs, aufgrund seiner einzigartigen Größe und Position im DACH-Raum führend in diesem Bereich zu sein. „Wir als Health Hub Vienna haben es uns gemeinsam mit unseren Partnern zur Aufgabe gemacht, eine treibende Kraft bei der Digitalisierung des Gesundheitssystems in Österreich und in Europa einzunehmen.“ betonte Dr. Irene Fialka, CEO INiTS & Managing Director Health Hub Vienna in ihrem Begrüßungsstatement. DI Martin Brunninger, MEng, MSc, Generaldirektor des Dachverbandes der österreichischen Sozialversicherungsträger wies in seiner Eröffnung darauf hin, dass „die jüngste Zeit die unbestreitbare Notwendigkeit digitaler Gesundheitslösungen in der Gesundheitsversorgung weltweit deutlich gemacht hat. Es besteht ein starker Konsens darüber, dass gerade in den letzten sechs Monaten massives Wachstum stattgefunden hat. Die Interessenvertreter sind der Meinung, dass es wichtig ist, diesen Fortschritt zu bewahren und aktiv eine neue Normalität zu schaffen.“ Die Voraussetzungen für eine erfolgreiche Digitalisierung diskutierten am Podium: Nora Blum, PhD, Mitgründerin und CEO, Selfapy (virtuell) Dr. Andrea Vincenzo Braga, MBA, Vizepräsident TELEMED Österreich (Österreichische Gesellschaft für Telemedizin), MD und Telemedizin-Unternehmer (virtuell) DI Martin Brunninger, MEng, MSc, Generaldirektor des Dachverbandes der österreichischen Sozialversicherungsträger MMag. Michael Hackl, Digitalisierungskoordinator ITSV (Sozialversicherung IT-Services) DI Dr. Günter Rauchegger, MBA, Geschäftsführer ELGA, Elektronische Patientenakte Dr. Reka Szentgyörgyi, Leitende Oberärztin der Radiologie, Privatklinik Rudolfinerhaus Drei konkrete Showcases zeigten bereits erfolgreiche Lösungen und Startup/Corporate-Kooperationen in Österreich: SCARLETRED – ein internationales Tele-Dermatologie-Unternehmen, das neuartige Produkte für anspruchsvolle Anwendungen in der digitalen Analyse und therapeutischen Behandlung von Hautkrankheiten liefert. Sie arbeiten gemeinsam mit Novartis Oncology an der Optimierung des Therapiemanagements in einer bestimmten Krebserkrankung. wellabe – ermöglicht es den Menschen, Vitalparameter zu erfassen, Gesundheits-Check-ups umzusetzen und ihre eigene Gesundheit richtig zu verstehen und aktiv zu gestalten. Gemeinsam mit Uniqa bringen sie eine mobile Lösung in Unternehmen, um bequem und effizient für die MitarbeiterInnen-Gesundheit zu sorgen. docdok.health – das „Netflix des Gesundheitswesens“ nutzt das Potential patientengenerierter Daten, um personalisierte Gesundheitslösungen zu ermöglichen und anzubieten. Evidenzbasiert und kosteneffizient. Gemeinsam mit der Vinzenz Gruppe konnten sie so den Ambulanzbetrieb nach Hause verlagern und die ärztliche Betreuung unter Einhaltung der gebotenen Datensicherheit digital zur Verfügung stellen. Die hybride Veranstaltung mit wenigen TeilnehmerInnen vor Ort zog über 200 ZuseherInnen an, die dem Livestream und den verschiedenen Präsentationen und Networking-Sessions online folgen konnten.","https://www.inits.at/wp-content/uploads/2020/09/Beitragsbilder.011.jpeg","3. Oktober 2020"
"12","https://www.inits.at/das-war-der-inits-demo-day-13/","INiTS","Das war der INiTS Demo Day #13","Der 13. INiTS Demo Day war gleichzeitig der erste Online-Demo Day – und eine Melange: eine Mischung aus live und virtuell. Während INiTS CEO Irene Fialka 10 Startups und eine 5-köpfige Expertenjury live vor Ort im INiTS Coworking Space begrüßen durfte, hatten mehr als 150 angemeldete TeilnehmerInnen die Möglichkeit, den Pitches per Livestream zu folgen. Previous Next Die Teams, die erfolgreich das Startup-Camp durchlaufen haben, präsentierten vor der Jury vor Ort, bestehend aus Niki Futter (AAIA, Innospiration), Sabine Fleischmann (Constantia New Business), Karin Kreuzer (AUBMES Invest), Lekha Thailayil (aws Gründerfonds) und Jörg Kadanik (KK Incube Invest) – alle mit gebührendem Sicherheitsabstand voneinander.Um das Networking auch bei einer Online-Veranstaltung zu ermöglichen, konnten InvestorInnen im Publikum direkt auf der Livestreamseite ihre Gesprächswünsche mit den Teams bekanntgeben und werden dann für 1:1 Gespräche in den nächsten Tagen miteinander vernetzt – per Video-Call oder physisch im INiTS-Büro.Während der Beratungspause der Jury informierte Werner Wutscher (CEO New Venture Scouting und Mitglied des Startup Komitees der Regierung) über bestehende und geplante Maßnehmen zur Unterstützung des Startup-Ökosystems.Die Jury-Entscheidung war knapp, Benjamin James (mlxar) freute sich als Gesamtgewinner über den „Wild-Card-Pitch“ bei einem AAIA Meeting, der Zweitplatzierte Michael Keinrath (SEMINA) konnte den von Moderator Dejan Jovicevic (Der Brutkasten) spontan gespendeten (Danke dafür!) Zusatzpreis mitnehmen.","https://www.inits.at/wp-content/uploads/2020/06/Beitragsbilder.013.jpeg","24. Juni 2020"
"13","https://www.inits.at/demo-day-des-health-hub-vienna-3-bahnbrechende-kooperationsprojekte-8-internationale-health-tech-startups/","INiTS","DEMO DAY DES HEALTH HUB VIENNA – 3 BAHNBRECHENDE KOOPERATIONSPROJEKTE, 8 INTERNATIONALE HEALTH TECH STARTUPS","Am 29. November präsentierten 8 eHealth und MedTech Startups aus 5 europäischen Ländern die Ergebnisse aus dreimonatiger Arbeit in Österreichs erstem Health Tech Accelerator, dem Health Hub Vienna. Alle Infos dazu gibt es im Nachbericht und im Videointerview des Brutkasten.","https://www.inits.at/wp-content/uploads/2020/05/DSC_0139.jpg","5. Dezember 2019"
"14","https://www.inits.at/die-ergebnisse-der-aktuellen-impact-studie/","INiTS","AplusB wirkt! Die Ergebnisse der aktuellen Impact-Studie","Marlis Baurecht, aws, Verantwortliche für das AplusB Scale-up Förderprogramm, im Gespräch mit Irene Fialka von INiTS über die Ergebnisse der AplusB Impact Studie von Jonnaneum Research.Wie die Studie zeigt, sind Startups aus den AplusB-Zentren wirtschaftlich erfolgreicher als vergleichbare Unternehmen ohne Unterstützung – so bestehen 86 Prozent der AplusB-Unternehmen nach den ersten fünf Jahren weiterhin, in der Vergleichsgruppe lediglich 58 Prozent. Die unterstützten Startups sind damit nicht nur nachhaltig erfolgreicher, sondern schaffen qualitativ hochwertige Jobs, verfügen über eine höhere Exportneigung und erzielen mehr als die Hälfte ihrer Umsätze auf internationalen Märkten. Damit bringen sie zusätzlich Wertschöpfung nach Österreich.Dieses Interview ist dem Programm des SCALEup Demo Days vom 1. Dezember 2020 entnommen, in dem sich die Startups des Inkubationsprogramms erstmals einer Jury und einem Publikum aus Investor*innen und Unternehmensvertreter*innen präsentieren. Play Video Der INiTS SCALEup Talk ist eine Interviewserie mit und über Technologie-Startups, über Innovationen, Anfänge, Herausforderungen, Erfolge und unerwartete Wendungen. Info und Anmeldung unter www.inits.at/scaleuptalk.","https://www.inits.at/wp-content/uploads/2020/12/Scaleuptalk.0s1.jpeg","6. Dezember 2020"
"15","https://www.inits.at/digital-demo-day-14/","INiTS","Digital Demo Day #14","Der letzte Demo Day im Juni 2020 war ein Hybrid-Event – jetzt haben wir (gezwungenermaßen) noch eins draufgelegt: Am 1. Dezember ging der erste volldigitale Demo Day über die Bühne. Die TU hat uns dankenswerterweise „TU the Sky“ zur Verfügung gestellt hat, sodass wir ausreichend Platz hatten. Live vor Ort waren aber ohnehin nur unsere CEO Irene Fialka, die Moderatorin Maggie Childs und das Technikteam. Die Startup Pitches, die Jury und unser Interviewgast Marlis Baurecht wurden in drei getrennten Zoom Sessions dazu geschaltet und das Publikum konnte den Livestream auf unserer Website verfolgen – wieder einmal eine großartige Leistung von Juan Guerra/BSEEN und seinem Team! Eine Herausforderung für alle Beteiligten, die ihre Beiträge jeweils alleine ohne Publikumsfeedback „in ihren Computer“ sprechen mussten. Umso mehr freut uns das positive Feedback zur Veranstaltung! Neun Startups pitchten vor einer prominent besetzten Jury, bestehend aus – Leon Ahlers (aws Gründerfonds) – Niki Futter (AAIA, Innospiration GmbH) – Regina Hodits (Wellington Partners Life) – Oliver Holle (SpeedInvest) – Karin Kreutzer (AUBMES Invest) – Michael Müller (eQventure) – Junyun Yang (Constantia New Business) Im Keynote-Interview gab Marlis Baurecht von der aws als Verantwortliche für das APlusB Programm Einblicke in die Ergebnisse der aktuellen AplusB Impact Studie und machte deutlich: AplusB Inkubation wirkt! Startups aus den AplusB-Zentren sind wirtschaftlich erfolgreicher als vergleichbare Unternehmen ohne Unterstützung. Das Interview gibts hier zum Nachsehen! Die Themen der Startups deckten ein breites Spektrum von IT bis Life Science ab: Sappy – Eine wissenschaftsbasierte App zur Verbesserung der emotionalen Kompetenz von Kindern – auf einem von der Wirtschaftskammer gesponserten „Wildcard-Ticket“ im Startup Camp dabei. Program Translation Toolbox – Ein „Google Translate für Programmiersprachen“ Nectar & Pollen – Das ersten umfassende automatisierte Bienenhaltesystem mit Fernsteuerung. Blurry – Rechtskonforme Verwendung und Vermarktung von Fotos & Videos für Content Creator. Topx™ – Einfaches und zeitsparendes (Wieder-)Finden von juristischen Dokumenten für Rechtsanwaltskanzleien und Rechtsabteilungen Hempstatic – Kreislauffähige Bauteile zur Verbesserung der Raumakustik. Eleatec – Nachrüstbare KI-Steuerung für Industrietore in Kühlhallen. ImmunoQ – Testplattform für die rasche Erkennung von multiplen Biomarkern. ZED Depth Exploration Data – Innovative IT-Dienstleistungen für Energieunternehmen. Wir werden sie in den nächsten Tagen noch im Detail vorstellen! Alexander Hayes mit Eleatec konnte die Jury für sich gewinnen. Niki Futter überreichte als Sprecher der Jury virtuell den von der Austrian Angel Investors Association aaia gestifteten Preis – ein Pitch bei einem aaia Meeting. Wir gratulieren herzlich!","https://www.inits.at/wp-content/uploads/2020/12/Beitragsbilder.040.jpeg","4. Dezember 2020"
"16","https://www.inits.at/dreamwaves-sucht-content-creator-community-manager/","INiTS","Dreamwaves sucht Content Creator & Community Manager","Dreamwaves sucht Content Creator & Community Manager We are a highly motivated team with background in mobile augmented reality, machine-learning, Ux/UI, graphic design and finance. We believe in hard work and in loving what you do. We want everyone to feel empowered, to learn and grow in a constructive and positive way. We are looking for an experienced Content Creator & Community Manager to be the voice of Dreamwaves. Download PDF","https://www.inits.at/wp-content/uploads/2021/04/logotile_dreamwaves.jpeg","9. April 2021"
"17","https://www.inits.at/ecosio-umsatzsteigerung-im-jahr-2020-um-43/","INiTS","ecosio: Umsatzsteigerung im Jahr 2020 um +43%","ecosio: Umsatzsteigerung im Jahr 2020 um +43% ecosio, ein auf automatisierte B2B-Kommunikation („EDI“) spezialisiertes Beteiligungsunternehmen der red-stars.com data AG, steigerte den Umsatz 2020 gegenüber dem Vorjahr um +43%. Für das Jahr 2021 wird aufgrund der guten Auftragslage, der bestehenden wiederkehrenden Umsätze (recurring revenues) und der erhöhten Eigenkapitalbasis mit einer noch größeren Umsatzsteigerung gerechnet. Download PDF","https://www.inits.at/wp-content/uploads/2021/03/logotile_ecosio.jpeg","8. Feber 2021"
"18","https://www.inits.at/en/climatelaunchpad-austria-2020-the-winners/","INiTS","ClimateLaunchpad Austria 2020 – the winners","ClimateLaunchpad is the world’s largest ideas competition for sustainable entrepreneurship. INiTS is a cooperation partner of ClimateLaunchpad Austria, whose annual program concluded on August 14 with the grand national final. Eight teams curated by experts competed against each other in a pitching competition – this year online for the first time due to the COVID-19 measures.The teams pitched their ideas from home in front of a jury consisting of five specialists who met at Talent Garden Vienna for evaluation. The final was streamed worldwide and can be watched under the following link: https://www.youtube.com/watch?v=hEOf3ut4JPsCongratulations to all winners, but also to all other participating teams!The winning teams of the ClimateLaunchpad Austria 2020:1st place: Legendary Vish (3D-printed, plant-based fish products)2nd place: AeroSQAIR (moss installations for the improvement of indoor air in underground stations)3rd place: Soapy (powder soap dispenser)Other teams (in alphabetical order):Epiclay (Modular Green Wall System)ForThem Solutions (biodegradable plastic alternatives)Inoqo (shopping app for tracking the social & environmental impact)No fairy tales (salmon substitute from carrots)Uptraded (online clothing exchange platform)Here are a few impressions of the final: Previous Next","https://www.inits.at/wp-content/uploads/2020/08/Beitragsbilder.004-300x158.jpeg","27. August 2020"
"19","https://www.inits.at/en/das-war-der-health-hub-vienna-innovation-day/","INiTS","This was Health Hub Vienna Innovation Day","The Health Hub Vienna Innovation Day on September 17, 2020 presented itself as a platform for an explosive topic: Should solutions “forced” by COVID-19 be maintained and maybe even developed further or should we strive for a return to the “old” normality, to “business as usual”? Together with the Federation of Austrian Social Insurances, the Health Hub Vienna invited experts, all of them insiders of the Austrian health care system, to the Innovation Day. The aim was to discuss new ideas and possibilities for digitizing the healthcare system and to present the white paper “COVID-19 – an opportunity for the healthcare system in Austria”. The pandemic triggered a series of innovations and creative solutions – because they were suddenly indispensable. Many of the new solutions are proving their worth – demonstrating the necessity of Digital Health and at the same time Austria’s great potential to be a leader in this field due to its unique size and position in the DACH region. “Together with our partners, we as Health Hub Vienna have made it our mission to be a driving force in the digitization of the healthcare system in Austria and Europe”. emphasized Dr. Irene Fialka, CEO INiTS & Managing Director Health Hub Vienna in her welcoming statement. DI Martin Brunninger, MEng, MSc, CEO of the Federation of Austrian Social Insurances, pointed out in his opening remarks that “recent times have highlighted the undeniable need for digital health solutions in healthcare worldwide. There is a strong consensus that massive growth has taken place, especially in the last six months. Stakeholders believe that it is important to preserve this progress and actively create a new normality. The conditions for successful digitization were discussed on the podium by: Nora Blum, PhD, cofounder and CEO, Selfapy (virtually) Dr. Andrea Vincenzo Braga, MBA, Vice president TELEMED Austria (Austrian Association for Telemedicine), MD and Telemedicine-entrepreneur (virtually) DI Martin Brunninger, MEng, MSc, CEO Federation of Austrian Social Insurances MMag. Michael Hackl, Digitization Coordinator ITSV (Sozialversicherung IT-Services) DI Dr. Günter Rauchegger, MBA, General Manager ELGA, Elektronik Health Records Dr. Reka Szentgyörgyi, Senior Staff Radiologist, Rudolfinerhaus Private Clinic Three specific showcases showed already successful solutions and startup/corporate cooperations in Austria: SCARLETRED – an international tele-dermatology company that supplies novel products for demanding applications in the digital analysis and therapeutic treatment of skin diseases. They work together with Novartis Oncology to optimize therapy management in a specific cancer disease. wellabe – enables people to record vital parameters, implement health check-ups and to understand and actively shape their own health. Together with Uniqa, they are bringing a mobile solution to companies to provide convenient and efficient employee health care. docdok.health – the “Netflix of healthcare” uses the potential of patient-generated data to enable and offer personalized healthcare solutions. Evidence-based and cost-efficient. Together with the Vinzenz Gruppe, they have been able to shift outpatient operations to the home and make medical care available digitally while maintaining the necessary data security. The hybrid event with few participants on site attracted over 200 viewers who were able to follow the livestream and the various presentations and networking sessions online.","https://www.inits.at/wp-content/uploads/2020/09/Beitragsbilder.011-300x158.jpeg","3. October 2020"
"20","https://www.inits.at/en/health-hub-vienna-publishes-white-paper-on-digital-health-in-austria/","INiTS","Health Hub Vienna publishes white paper on digital health in Austria","In a newly published white paper, Health Hub Vienna provides a comprehensive overview of Digital Health in Austria, with a special focus on the role of digital innovations in combating the pandemic. More than ever, innovative solutions and “thinking outside the box” with a short innovation cycle are needed! The white paper highlights some already successful implementations of digital health solutions and calls for committed action to sustain the progress made. Health Hub Vienna staff conducted a series of interviews with healthcare professionals and asked them about their challenges and experiences with specific use cases of digital health solutions. The prevailing opinion is that the last six months have seen the growth of a decade and that it is important to preserve this progress and actively establish a new standard. Digital Health on the rise The COVID-19 pandemic changed healthcare in Austria and around the world dramatically in a very short period of time. The crisis required rapid changes in procedures to adapt to the measures set in place and minimize the impact of the coronavirus. Digital health technologies have played a pioneering role in this process. COVID, as a trigger, has enabled healthcare experts to gain insight into the vast possibilities of digital health solutions and address the challenges they face in practice. The role of startups The paper explores the impact of the COVID-19 crisis on the role of digital health solutions in the Austrian healthcare system in nine main areas, additionally highlighting ideas related to the role of startups, the landscape of legal and regulatory frameworks, and technical infrastructure, and discussing approaches for national efforts toward a digital health innovation strategy. Ultimately, the paper calls for committed action by all decision makers to sustain and build on the progress that has been made – so that what many see as the growth of a decade is not lost. The white paper can be downloaded from the Health Hub Vienna website. ","https://www.inits.at/wp-content/uploads/2021/03/Beitragsbilder.050-300x158.jpeg","2. March 2021"
"21","https://www.inits.at/en/health-hub-vienna-total-digital/","INiTS","Health Hub Vienna: Total Digital","Health Hub Vienna digitises its entire programme for start-ups and partners INiTS takes the current restrictions in the course of the COVID-19 crisis as a reason and handles the Health Hub Vienna entirely digitally. New electronic tools, new formats and new content will create new opportunities for international MedTech start-ups and established players in the regional health system. On 20 March, the first HHV Global Link-up was held virtually instead of the Selection Board with physical presence of start-ups and jurors.","https://www.inits.at/wp-content/uploads/2020/03/Beitragsbilder.015-300x158.jpeg","23. March 2020"
"22","https://www.inits.at/en/inits-now-partner-of-circularstart/","INiTS","INITS NOW PARTNER OF CIRCULARSTART","By the CircularStart initiative startups will increase their knowledge, skills and competences to explore the opportunities of and to create more sustainable and circular business models and to evaluate their sustainability performance in general and their circular economy potential in specific. startups and entrepreneurs will be able to systematically describe, evaluate and improve the environmental, social and economic impacts of their business ideas. CircularStart is co-funded by the Erasmus+ Programme of the European Union. Its aim is to support incubators and consultants in sustainability training of startups, through the development of an interactive guidance tool with respective eLearning training resources. Besides INiTS CircularStart comprises the following Partners: AIE – Österreichisches Ökologie-Institut (AUT) PROSPEKTIKER – Prospektiker – European Institute for Future Studies and Strategic Planninng (ESP) ITC-AICE – Asociación Investigación de las Industrias Ceramicas (ESP) MU Enpresagintza S. COOP. (ESP) LNEG – Laboratório Nacional de Energia e Geologia, I.P. (PRT) ANJE – Associacao nacional de jovens empresarios (PRT) ABC – Accelerator, Rasvoj Startupov in Mladih Podjetij, Doo (SVN) VUT – TECHNISCHE UNIVERSITAET WIEN – The research group Ecodesign of the department for engineering design at the TU Wien (AUSTRIA) INiTS contact: DI Andreas Gschöpf, CMC","https://www.inits.at/wp-content/uploads/2020/02/Beitragsbilder.021-300x158.jpeg","7. February 2020"
"23","https://www.inits.at/en/startip-matching-day-was-a-success/","INiTS","START:IP Matching Day was a success!","We did it. The first fully digital Matching Day was somehow the “masterpiece” after a year of learning how to do digital events. A main stage with live streaming of 20 technology pitches and 5 talks from locations across Europe, 20 separate booths with pre-recorded presentations and on-demand live sessions, and the opportunity to do one-on-one meetings – scheduled or instant. All without any major difficulties – kudos to our platform Hopin and our technical team who did a great job, again. Weeks of planning, preparation and rehearsal lead to a highly interactive event, in which all our technology providers ended up with several contacts to further proceed. All technology booths had on average 20 visitors and three contact requests of people who wanted to be contacted afterwards, additional to contacts already made during the event. Nearly 50 instant one-to-one meetings and more than 100 private chats were made using the event platform. All technologies are still accessible on our website and the opportunity to contact the scientists is still given. Of course START:IP will be continued, you can learn more about it here.","https://www.inits.at/wp-content/uploads/2021/02/Beitragsbilder.061-300x158.jpeg","1. February 2021"
"24","https://www.inits.at/en/studie-unter-technologiesuchern-zeigt-bedarf-an-innovativen-loesungen-in-allen-branchen-2/","INiTS","Survey Among Technology Seekers Shows Demand for Innovative Solutions Across All Industries ","START:IP brings technology providers and technology seekers together in order to develop the technology to market maturity in a suitable cooperation. In a recent survey we asked technology seekers to specify their industry focus. Here is what we found out: Great openness to participate among technology seekers As of 6th September, 116 individuals have participated in the survey, 49% of which are founders, 14% of which are business angels, 31% of which are company representatives (heads of R&D, innovation managers, business developers) and 6% of which are investment managers working for VC funds (Figure 1). Figure 1: Roles of survey participants Company representatives have a greater focus The survey participants could choose from a catalogue of 12 main industries and 48 industry subcategories. Company representatives differed in the mean number of selected industries (Figure 2). While each survey participant marked 11 sub-categories on average, company representatives only selected 7. Figure 2: Mean number of selected industries (subcategories) Special demand for innovative solutions in 7 industries While each of the industries was chosen at least once by the survey participants, the following 7 industries turned out to be the most popular (Figure 3): Figure 3: The 7 most popular industries About the survey The survey (https://bit.ly/3i965qD) started in July 2020 and will run through to 30. September 2020. So far approx. 2000 technology seekers have been invited to participate in the survey. To increase the geographical reach in Austria, Czech Republic, Germany, Hungary, Poland, Slovakia, Slovenia, and Switzerland a social media campaign on Facebook and LinkedIn was launched recently. The survey is statistically not representative. For any questions or comments please contact markus.pietzka@inits.at. ","https://www.inits.at/wp-content/uploads/2020/09/Beitragsbilder.008-300x158.jpeg","17. September 2020"
"25","https://www.inits.at/en/that-was-demo-day-13/","INiTS","This was Demo Day #13","The 13th INiTS Demo Day was also the first online Demo Day – and a mixture of live and virtual. While INiTS CEO Irene Fialka welcomed 10 startups and a 5-member expert jury live on site at the INiTS Coworking Space, more than 150 registered participants had the opportunity to follow the pitches via live stream. Previous Next The teams who successfully completed the startup camp presented to the jury on site, consisting of Niki Futter (AAIA, Innospiration), Sabine Fleischmann (Constantia New Business), Karin Kreuzer (AUBMES Invest), Lekha Thailayil (aws Gründerfonds) and Jörg Kadanik (KK Incube Invest) – all with due safety distance from each other.In order to facilitate networking at an online event, investors in the audience were able to post their requests for talks with the teams directly on the livestream page and will then be connected for 1:1 talks over the next few days – via video call or physically in the INiTS office.During the jury’s break Werner Wutscher (CEO New Venture Scouting and member of the government’s Startup Committee) informed about existing and planned measures to support the startup ecosystem.The jury’s decision was close, Benjamin James (mlxar) as the overall winner was happy about the “wild card pitch” at an AAIA meeting, the runner-up Michael Keinrath (SEMINA) was able to take home the additional prize spontaneously donated (thank you for that!) by moderator Dejan Jovicevic (Der Brutkasten).","https://www.inits.at/wp-content/uploads/2020/06/Beitragsbilder.013-300x158.jpeg","24. June 2020"
"26","https://www.inits.at/evologic-holt-25-mio-euro-um-pestizide-durch-pilze-zu-ersetzen/","INiTS","Evologic holt 2,5 Mio. Euro, um Pestizide durch Pilze zu ersetzen","Evologic holt 2,5 Mio. Euro, um Pestizide durch Pilze zu ersetzen Die Finanzierungsrunde wird von der Askur Invest GmbH aus Leverkusen angeführte, die bisherigen Investoren RWA, BayWa, Mauthner und Vivida ziehen mit, genauso wie es Unterstützungen von aws (aws PreSeed und aws Seedfinancing) und der EIF gibt. Teamfoto © Michael Gizicki Link zum Originalbeitrag","https://www.inits.at/wp-content/uploads/2021/04/image.jpeg","3. April 2021"
"27","https://www.inits.at/health-hub-vienna-total-digital/","INiTS","Health Hub Vienna: Total Digital","Health Hub Vienna digitalisiert sein gesamtes Programm für Startups und Partner INiTS nimmt die aktuellen Restriktionen im Zuge der COVID-19 Krise zum Anlass und wickelt den Health Hub Vienna zur Gänze digital ab. Neue elektronische Tools, neue Formate und neue Inhalte ergeben damit auch neue Chancen für internationale MedTech Startups und etablierte Player des regionalen Gesundheitssystems. Am 20. März wurde anstelle des Selection Board mit physischer Präsenz von Startups und Juroren zum Auftakt der erste HHV Global Link-up virtuell abgehalten. Mehr über den Event und die spannenden Startups aus aller Welt erfahren Sie in der Presseaussendung.","https://www.inits.at/wp-content/uploads/2020/03/Beitragsbilder.015.jpeg","23. März 2020"
"28","https://www.inits.at/health-hub-vienna-veroeffentlicht-whitepaper-ueber-digital-health-in-oesterreich/","INiTS","Health Hub Vienna veröffentlicht Whitepaper über Digital Health in Österreich","Der Health Hub Vienna gibt in einem neu veröffentlichten Whitepaper einen umfassenden Überblick über Digital Health in Österreich, mit besonderem Fokus auf der Rolle digitaler Innovationen bei der Bekämpfung der Pandemie. Mehr denn je sind innovative Lösungen und ein „Denken über den Tellerrand“ mit einem kurzen Innovationszyklus gefragt! Das Whitepaper zeigt einige bereits erfolgreiche Implementierungen von digitalen Gesundheitslösungen auf und ruft zum engagierten Handeln auf, um den gemachten Fortschritt aufrechtzuerhalten. Mitarbeiter*innen des Health Hub Vienna haben eine Reihe von Interviews mit Fachleuten aus dem Gesundheitswesen geführt und sie nach ihren Herausforderungen und Erfahrungen mit spezifischen Anwendungsfällen von digitalen Gesundheitslösungen gefragt. Vorherrschende Meinung ist, dass in den letzten sechs Monaten das Wachstums eines Jahrzehnts stattgefunden hat und dass es wichtig ist, diesen Fortschritt zu bewahren und aktiv einen neuen Standard zu etablieren. Digital Health im Vormarsch Die COVID-19-Pandemie hat das Gesundheitswesen in Österreich und weltweit in sehr kurzer Zeit stark verändert. Die Krise erforderte rasche Änderungen der Abläufe, um sich an die gesetzten Maßnahmen anzupassen und die Auswirkungen des Coronavirus auf ein Minimum zu beschränken. Digital-Health-Technologien haben dabei eine Vorreiterrolle gespielt. COVID als Auslöser hat den Expert*innen im Gesundheitswesen ermöglicht, einen Einblick in die enormen Möglichkeiten von digitalen Gesundheitslösungen zu gewinnen und sich mit den Herausforderungen, die in der Praxis auftreten, auseinanderzusetzen. Die Rolle der Startups Das Papier untersucht die Auswirkungen der COVID-19-Krise auf die Rolle digitaler Gesundheitslösungen im österreichischen Gesundheitswesen in neun Hauptbereichen, darüber hinaus werden Ideen in Bezug auf die Rolle von Startups, die Landschaft der rechtlichen und regulatorischen Rahmenbedingungen und die technische Infrastruktur beleuchtet and Ansätze für nationale Bemühungen um eine Innovationsstrategie für digitale Gesundheit diskutiert. Letztendlich ruft das Papier zum engagierten Handeln aller Entscheidungsträger auf, um den erreichten Fortschritt aufrechtzuerhalten und weiter auszubauen – damit das, was viele als das Wachstum eines Jahrzehnts sehen, nicht verloren geht. Das Whitepaper kann auf der Website des Health Hub Vienna heruntergeladen werden.","https://www.inits.at/wp-content/uploads/2021/03/Beitragsbilder.050.jpeg","2. März 2021"
"29","https://www.inits.at/heartbeat-bio-sucht-junior-scientist/","INiTS","Heartbeat.bio sucht: Junior Scientist","Heartbeat.bio sucht: Junior Scientist HeartBeat.bio is a recently founded drug discovery company focused on the development of a high- throughput 3D screening platform for heart failure and cardiomyopathies. Currently, we are seeking Research Technicians/Junior Scientists. Download PDF","https://www.inits.at/wp-content/uploads/2021/04/logotile_heartbeat.jpeg","21. April 2021"
"30","https://www.inits.at/heartbeat-bio-sucht-lab-manager/","INiTS","Heartbeat.bio sucht: Lab Manager","Heartbeat.bio sucht: Lab Manager HeartBeat.bio is a recently founded drug discovery company focused on the development of a high- throughput 3D screening platform for heart failure and cardiomyopathies. Currently, we are seeking a Laboratory Manager. Download PDF","https://www.inits.at/wp-content/uploads/2021/04/logotile_heartbeat.jpeg","21. April 2021"
"31","https://www.inits.at/heartbeat-bio-sucht-senior-scientist/","INiTS","Heartbeat.bio sucht: Senior Scientist","Heartbeat.bio sucht: Senior Scientist HeartBeat.bio is a recently founded drug discovery company focused on the development of a high- throughput 3D screening platform for heart failure and cardiomyopathies. Currently, we are seeking a Senior Scientist/Head of Disease Modeling. Download PDF","https://www.inits.at/wp-content/uploads/2021/04/logotile_heartbeat.jpeg","21. April 2021"
"32","https://www.inits.at/holloid-sucht-co-founder/","INiTS","Holloid sucht: Co-Founder","Holloid sucht: Co-Founder We are looking for an entrepreneurially minded scientist with a background in physics, soft matter, material science, microbiology, or other fields related to our technology. Link zum Originalbeitrag Download PDF","https://www.inits.at/wp-content/uploads/2021/04/logotile_holloid.jpeg","13. April 2021"
"33","https://www.inits.at/inits-alumna-ist-oesterreicherin-des-jahres/","INiTS","INITS ALUMNA IST ÖSTERREICHERIN DES JAHRES!","INITS ALUMNA IST ÖSTERREICHERIN DES JAHRES! Bei der von der Tageszeitung Die Presse veranstalteten Austria Gala, wurde Cornelia Diesenreiter, die gemeinsam mit ihrem Bruder Andreas das Startup unverschwendet gegründet hat, in der Kartegorie Startup ausgezeichnet. INiTS gratuliert sehr herzlich der sympathischen Alumna und ihrem Team. <U+0001F643><U+0001F60A> Hier der Artikel der ‚Presse‘ zur Veranstaltung: http://bit.ly/31KEZNA","https://www.inits.at/wp-content/uploads/2020/05/Cornelia-Österreicherin-des-Jahres.jpg","24. Oktober 2019"
"34","https://www.inits.at/inits-alumnus-phenaris-stellt-die-naechste-version-der-toxphacts-plattform-vor/","INiTS","INiTS Alumnus Phenaris stellt die nächste Version der ToxPHACTS-Plattform vor","INiTS Alumnus Phenaris stellt die nächste Version der ToxPHACTS-Plattform vor Das ToxPHACTS 2.0 Release wurde in einem Webinar vorgestellt – wer es verpasst hat, kann unter dem Link das Recording ansehen. ToxPHACTS ist eine Experten-Software zur Ermittlung der möglichen Toxizität von Arzneimittel-Kandidaten. Mittels automatisiertem „Toxicological Read Across“ (=Ähnlichkeitssuche für Substanzen über viele Datenbanken hinweg) sowie entsprechenden Visualisierungs- bzw. Analyse-Tools können schneller und präziser mögliche Toxizitäten ermittelt und ungeeignete Arzneimittel-Kandidaten frühzeitig ausgeschieden werden. Bislang müssen diese Schritte manuell und daher kosten- und zeitaufwändig durchgeführt werden. Link zum Originalbeitrag","https://www.inits.at/wp-content/uploads/2021/03/image-1.jpeg","14. März 2021"
"35","https://www.inits.at/inits-geht-mit-fitness-tracker-skain-die-15-startkapital-beteiligung-ein/","INiTS","INiTS geht mit Fitness-Tracker SKAIN die 15. STARTKapital-Beteiligung ein","INiTS geht mit Fitness-Tracker SKAIN die 15. STARTKapital-Beteiligung ein Seit 2018 investiert der Wiener High-Tech-Inkubator INiTS auch in die eigenen Startups. Aktuell wurde bereits die 15. Beteiligung abgeschlossen: das Startup SKAIN digitalisiert mit dem Produkt „trackbar“ jedes Fitnessgerät und Freigewicht im Gym und optimiert so das Training für Studiomitglieder. Link zum Originalbeitrag Download PDF","https://www.inits.at/wp-content/uploads/2021/03/INiTS_Bild2.jpg","2. September 2020"
"36","https://www.inits.at/inits-goes-digital/","INiTS","INiTS goes digital!","Angesichts der COVID-19 (Corona Virus) Situation und der Empfehlungen der Bundesregierung wurden auch bei INiTS die Office-Zeiten in St. Marx reduziert. Das INiTS Team steht aber uneingeschränkt per E-Mail, Telefon, Chat usw. zur Verfügung. Für Startups im aktuellen Inkubationsprogramm haben wir das Service auf „digital“ umgestellt. Als erstes konnte der ‚Legal Workshop‘ mit Philipp Kinsky bereits erfolgreich „remote“, also mit Videoconferencing abgehalten werden. Wir danken Philipp und den Startups für ihre Flexibilität und Programmmanagerin Brigitte Pfisterer für die rasche Lösung.","https://www.inits.at/wp-content/uploads/2020/03/Beitragsbilder.016.jpeg","16. März 2020"
"37","https://www.inits.at/inits-scaleup-talk-12/","INiTS","Andreas Fürlinger von Volare im SCALEup TALK","Andreas Fürlinger von Volare im SCALEup TALK Andreas Fürlinger ist Gründer und Geschäftsführer von Volare. Nach Maschinenbau-Studium an der TU Wien, Berufspilotenausbildung und mehreren Jahre Berufserfahrung in der Luftfahrtindustrie hat er einen guten Einblick in diese Branche. Erste Erfahrungen sammelte er bei IABG, anschließend wechselte er zu FACC als Berechnungsingenieur für Leichtbaustrukturen, arbeitete an bekannten Passagierflugzeugen, wie z.B. dem Airbus A380. Als MissionsIngenieur unterstützte er SOLAR IMPULSE bei der ersten Weltumrundung mit einem Solarflugzeug – ein Projekt um ohne fossile Brennstoffe um die Welt zu fliegen und erneuerbare Energien zu bewerben. Seine Leidenschaft für die Luftfahrt, der Drang, eigene Ideen umzusetzen und die Freude an Herausforderungen motivierten ihn, Innovationen in der Luftfahrt voranzutreiben und eine nachhaltige Lösung für den Individualverkehr in der Luft zu realisieren. Über Volare Volare entwickelt ein disruptives Fortbewegungsmittel als Ergänzung zum bodengebundenen Verkehr. Unter der Marke Apeleon soll ein neues, vertikal startendes und landendes Luftfahrzeug für den individuellen Personentransport mit nachhaltiger Technologie entstehen, das im Individualverkehr eine Alternative bietet, um effizient kurze oder mittlere Strecken zurückzulegen. www.apeleon.com Play Video","https://www.inits.at/wp-content/uploads/2020/09/Scaleuptalk.012.jpeg","10. Dezember 2020"
"38","https://www.inits.at/interactive-paper-startet-croudinvesting/","INiTS","Interactive Paper startet Croudinvesting","Interactive Paper startet Croudinvesting Interactive Paper kombiniert das analoge Medium Papier mit digitalen Inhalten und schafft dadurch etwas völlig Neues! Das international patentierte „interaktive“ Papier begeisterte schon Global Player Samsung und renommierte Unternehmen wie Oracle, Erste Bank oder 3M. Das neu geschaffene Medium muss aber nicht als Werbemittel eingesetzt werden – zahlreiche Use Cases warten im E-Learning-, Verpackungs- und Publishingbereich. Auf Green Rocket kann jetzt jede*r in das Startup investiert. Link zum Originalbeitrag","https://www.inits.at/wp-content/uploads/2021/04/logotile_interactivepaper.jpeg","2. April 2021"
"39","https://www.inits.at/investment-chance-printstones/","INiTS","INVESTMENT CHANCE PRINTSTONES!","Printstones revolutioniert den Pflasterbau! Im 3-D Druckverfahren ist nahezu jede Form, Farbe und Textur bei Pflastersteinen möglich. Extra Benefits: weniger Materialverbrauch, keine Lärm- und Feinstaubbelastung! Mit ÖBB, Wiener Linien, Stadt Wien und anderen hat der INiTS Alumnus bereits renommierte Pilotprojekte realisiert. Nach einer FFG Basis- und Seedfinanzierung ist Printstones jetzt „ready to grow“ und sucht Co-Investments für einen milliardenschweren Markt. Was Printstones noch alles kann, sieht man in diesem Pitchdeck: http://bit.ly/printstones Der Prinstones Robotor in Action.","https://www.inits.at/wp-content/uploads/2020/02/Beitragsbilder.007.jpeg","7. Feber 2020"
"40","https://www.inits.at/lets-talk-startups/","INiTS","Let’s talk Startups!","Wien sendet ein einzigartiges digitales Zeichen an ein globales Publikum: Mit ViennaUP’21 digital wird die Stadt im Frühjahr 2021 Gastgeber des größten dezentralen Startup-Events sein, das bislang in Zentraleuropa stattgefunden hat. Angesichts der jüngsten Entwicklungen und der verbleibenden Ungewissheit in Bezug auf COVID-19 macht ViennaUP’21 den nächsten Schritt und geht zu 100% in den digitalen Raum. Die Gesundheit geht vor, das heißt aber nicht, auf die Vernetzung mit einem internationalen Publikum von Startups, Investoren, Unternehmen und Talenten sowie auf Lernmöglichkeiten und offene Gespräche verzichten zu müssen.Initiiert von der Wirtschaftsagentur Wien, bringt ViennaUP’21 digital alle relevanten Stakeholder – sowohl international als auch aus der lokalen Szene – zusammen und behandelt in einer Reihe von Online-Events wegweisende Themen im Bereich Innovation, Kreativität und Technologie. Teilnehmerinnen und Teilnehmer haben die Chance, branchenübergreifend in heiß diskutierte Themen einzutauchen, mit anderen klugen Köpfen ins Gespräch zu kommen, ihr internationales Netzwerk zu erweitern und sich von der Wiener Startup-Szene inspirieren zu lassen – eine der vielfältigsten und am schnellsten wachsenden Startup-Communities in Mitteleuropa.ViennaUP’21 bietet:40+ Programmpartner, darunter Schlüsselakteure der lokalen und internationalen Startup- Szene wie hochkarätige InvestorenDutzende Veranstaltungen, von Konferenzen und Netzwerktreffen bis hin zu Workshops und Vorträgeneinen starken Fokus auf Trendthemen wieHealth tech & life sciencesSocial entrepreneurshipSmart cities & clean techCreative industriesSmart manufacturingFinTechEinige Programmhighlights:Von Beginn an hat ViennaUP’21 das Interesse großer internationaler Startup-Plattformen geweckt: So findet zum ersten Mal die WIRED Pulse als digitales Event powered by Vienna statt. Auf der Agenda stehen hochkara¨tige Vortra¨ge u¨ber den Einfluss von Technologie und Innovation auf die Zukunft der Welt.Weitere Highlights: „The global limitless conference“ wird von fu¨nf Bu¨hnen in verschiedenen Sta¨dten rund um den Globus u¨bertragen. Die Konferenz zielt darauf ab, die Karrieren von Frauen zu beschleunigen, indem sie das Selbstvertrauen aufbaut, die Kompetenzen verbessert und die na¨chste Generation von weiblichen Entscheidungstra¨gern mit erfahrenen Vorbildern zusammenbringt. Der “Salon Future: Rethinking ScalingUP across Europe” bringt politische Entscheidungstra¨ger, Sta¨dtevertreter und O¨kosystembauer aus ganz Europa zusammen, um die Zukunft des europa¨ischen Startup- und Innovationso¨kosystems zu diskutieren. Mit einem anregenden Line-up bringt „The Fintech Week“ Startups, Corporates, den Bankensektor und die Politik zusammen, um eine enge Zusammenarbeit zu fo¨rdern. Wa¨hrenddessen versammeln die „Creative Days“ kreative Ko¨pfe aus der ganzen Welt, experimentieren auch mit dem „new normal“ und gehen den Fragen nach, wie sich die aktuellen technologischen und gesellschaftlichen Entwicklungen auf die Kreativwirtschaft auswirken.ViennaUP ´21 rechnete mit mehr als 20.000 Teilnehmenden in analoger Durchfu¨hrung. Jetzt, mit dem Wechsel in den digitalen Raum, gilt: „The sky is the limit.“Informationen und AnmeldungDie Anmeldung zur ViennaUP’21 digital und alle Informationen zu Ablauf, Programm und News gibt es auf: viennaup.comINiTS @ ViennaUP:","https://www.inits.at/wp-content/uploads/2021/04/Beitragsbilder.072.jpeg","12. April 2021"
"41","https://www.inits.at/medicus-safeplay-erreicht-10-000-sars-cov-2-antigen-schnelltests-am-tag/","INiTS","Medicus SafePlay erreicht 10.000 SARS-CoV 2 Antigen Schnelltests am Tag","Medicus SafePlay erreicht 10.000 SARS-CoV 2 Antigen Schnelltests am Tag Medicus freut sich mitteilen zu können, dass SafePlay, die neueste Lösung des Unternehmens zur Erleichterung von SARS-CoV-2 Testungen, mittlerweile mehr als 10.000 Tests am Tag abwickelt. Die Lösung wurde in Zusammenarbeit mit Roche Diagnostics Deutschland und 21Dx, einem der größten Betreiber von SARS-CoV-2 Teststationen und mobilen Testteams in Deutschland, entwickelt. Seit dem Start am 25. November 2020 hat sich die Anzahl der mit der Plattform durchgeführten Tests jede Woche verdoppelt. Medicus ist für die Fortsetzung dieses Trends vorbereitet, die Lösung wurde für Kapazitäten entwickelt, die weit darüber hinausgehen. SafePlay ist bis dato an 30 Standorten in 14 Städten in Deutschland im Routinebetrieb. Link zum Originalbeitrag","https://www.inits.at/wp-content/uploads/2021/03/1_fqXFA_iLp5ojjAwAFFCsw.png","14. März 2021"
"42","https://www.inits.at/nach-dem-demo-day-ist-vor-dem-demo-day/","INiTS","Nach dem Demo Day ist vor dem Demo Day…","INiTS SCALEup ist einer der wenigen Inkubatoren, die zweimal im Jahr einen neuen Batch aufnehmen, obwohl das Programm selbst ein Jahr lang läuft. Wir haben also immer zwei Programme parallel laufen. Damit können wir mehr Startups betreuen, fördern aber gleichzeitig auch den Austausch der GründerInnen untereinander aus verschiedenen Phasen des Inkuabationsprozesses. Während die Teams des Batch 2020/01 nach dem Startup Camp und dem Demo Day in die Growth-Phase gewechselt sind, stellen sich 10 neue Projekte gerade in diesen Tagen dem Projektbeirat, der über die Aufnahme ins Inkubationsprogramm entscheidet. Dem vorangegangen ist eine Qualifizierungsphase mit Business Model und Value Proposition Workshops sowie einem intensiven Pitch-Training, in der aus über 100 Bewerbungen letztlich die 10 Aufnahmekandidaten hervorgegangen sind. Am 7. September startet das Startup Camp #14 mit dem Welcome Breakfast (diesmal in einer sehr kalorienarmen Variante, nämlich virtuell…). Noch in der selben Woche geht es los mit dem intensiven Programm. Über 20 Workshops, „Roasting Sessions“ und der Mentor’s Day erwarten die Teams in den folgenden 100 Tagen – bis zum Demo Day, der Anfang Dezember stattfinden wird. Die Bewerbung für das SCALEup Programm ist unabhängig von Deadlines jederzeit hier möglich.","https://www.inits.at/wp-content/uploads/2020/08/Beitragsbilder.005-1.jpeg","28. August 2020"
"43","https://www.inits.at/nachruf-bruno-buchmayr/","INiTS","Nachruf Bruno Buchmayr","Tief betroffen mussten wir erfahren, dass unser Projektbeiratsmitglied Univ.-Prof. i.R. DI Dr. Bruno Buchmayr in der Nacht zum 9. Februar verstorben ist. Bruno Buchmayr war eine außerordentliche Persönlichkeit, deren Menschlichkeit, Natürlichkeit und Humor gepaart mit umfassender Erfahrung und Wissen jedes Gespräch zu einem Erlebnis machte. So durften auch wir ihn in den Projektbeiratssitzungen erleben, wo er sich die letzten Jahre sehr aktiv eingebracht hat. Bruno Buchmayer war bis 2019 Universitätsprofessor für Umformtechnik an der Montanuniversität Leoben und Honorarprofessor an der TU Graz. Er stand unseren Gründerinnen und Gründern jederzeit mit seiner menschlichen und fachlichen Kompetenz hilfreich mit Rat und Tat zur Seite. Wir werden seine Freude an Technologie, seine Späße, und natürlich seine Kompetenz und Erfahrung sehr vermissen. ","https://www.inits.at/wp-content/uploads/2021/02/Beitragsbilder.051.jpeg","19. Feber 2021"
"44","https://www.inits.at/nikolaus-futter-ist-business-angel-of-the-year-2020/","INiTS","Nikolaus Futter ist Business Angel of the Year 2020","Nikolaus Futter, Mitglied im INiTS Finanzierungsbeirat, wurde von aws und den AplusB Gründerzentren zum „Business Angel of the Year“ gekürt. Beim diesjährigen „Business Angel Day“ wurde Nikolaus Futter als Business Angel of the Year ausgezeichnet. Seit über einem Jahrzehnt ist der erfahrene Unternehmer als Investor aktiv und hält aktuell 17 Start-up-Beteiligungen. Anfang dieses Jahres hat Futter seine operativen Tätigkeiten zurückgelegt und lebt nun seine Leidenschaft als Business Angel voll aus. Er übernimmt den Titel von Markus Ertler, der im Vorjahr ausgezeichnet wurde. v.li. aws GF Bernhard Sagmeister, Business Angel of the Year Nikolaus Futter, Business Angel of the Year 2019 Markus Ertler und Viktor Pasquali, aws Programm-Manager. Fotocredit: aws / videosupport.at / Raffael FrickAls Österreichs Branchentreff für aktive und potenzielle Privatinvestor*innen findet der Business Angel Day seit nun mehr zwölf Jahren statt. Im Fokus steht der Austausch zwischen Vordenker*innen und Expert*innen über alle Themen rund um Startups und Investments. Zusätzlich wird mit der Verleihung des „Business Angel of the Year“ ein Signal gesetzt, um die Bedeutung von Business Angels für den Wirtschaftsstandort zu zeigen. Der von der aws und den akademischen Gründerzentren (AplusB) – heuer vom Kärntner Zentrum build! – organisierte Event fand heuer aufgrund der Corona Krise erstmals digital statt. Niki Futter unterstützt INiTS als Mitglied des Finanzierungsbeirates bei der Vergabe von STARTKapital und als oftmaliges Jurymitglied beim Demoday des SCALEup Inkubationsprogramms. Wir freuen uns mit ihm und gratulieren herzlich!","https://www.inits.at/wp-content/uploads/2020/10/Beitragsbilder.028.jpeg","23. Oktober 2020"
"45","https://www.inits.at/oeamtc-innovationsmagazin-motion-berichtet-ueber-apeleon/","INiTS","ÖAMTC Innovationsmagazin MOTION berichtet über Apeleon","ÖAMTC Innovationsmagazin MOTION berichtet über Apeleon Play Video","https://www.inits.at/wp-content/uploads/2021/04/Bildschirmfoto-2021-04-13-um-10.56.46.png","1. April 2021"
"46","https://www.inits.at/office-desks-to-share/","INiTS","Office desks to share","Office desks to share Hi, we still have free space in our cool office in the heart of the 7th district, directly in Neubaugasse, and would like to share some seats with young startups. The office is located on the 3rd floor in a quiet courtyard location and the roof terrace (with barbecue) of course will also be shared. The office is newly renovated and you would still have the opportunity to help design some things and mention your wishes. Briefly, something about us: we ourselves are a startup that was founded in 2016 as Prop-Tech and now has 23 employees from 13 nations in 2 offices (in Vienna and Salzburg). We are looking forward to working together with you soon. Just get in touch! Contact: Neda Norsen Email: neda.norsen@datascience-service.at Link zum Originalbeitrag","https://www.inits.at/wp-content/uploads/2020/11/logotile_datascienceservice.jpeg","12. März 2021"
"47","https://www.inits.at/office-space-bei-inits/","INiTS","OFFICE SPACE BEI INITS","INiTS bietet nicht nur seinen Startups und Alumni günstige Büroräumlichkeiten und Infrastruktur an, auch externe Startups könne Flexdesks und Meetingräume bei Österreichs Top Inkubator anmieten oder einfach ihren Firmensitz bei INiTS einrichten. Die Vorteile: unschlagbar gute Konditionen beste Verkehrsanbindung feine Lage im dynamischen St. Marx Media Center und Startup-Spirit vom Allerfeinsten Nähere Infos gibt es im Infoblatt.","https://www.inits.at/wp-content/uploads/2019/12/Beitragsbilder.020.jpeg","12. Dezember 2019"
"48","https://www.inits.at/printstones-stellt-baubot-vor/","INiTS","Printstones stellt „BAUBOT“ vor","Printstones stellt „BAUBOT“ vor Baubot ist ein vollständig mobiles Robotersystem zur Ausführung verschiedener Aufgaben auf Baustellen und in Fertigungsanlagen. Die Basisplattform bietet eine geländegängige Mobilität in Kombination mit einem präzisen Industrieroboter, während Hardware-Tools und Software verschiedene funktionale Anwendungen ermöglichen. Erfahren Sie mehr über den Einsatz von Baubot in Ihrer Anwendung, besuchen Sie uns unter https://baubot.com/<U+200B> Play Video","https://www.inits.at/wp-content/uploads/2021/04/Bildschirmfoto-2021-04-12-um-11.34.04-2-e1618220123838.png","12. April 2021"
"49","https://www.inits.at/reha-buddy-erhaelt-600-000-euro-foerderung-launcht-erstes-produkt/","INiTS","reha buddy erhält 600.000 Euro Förderung & launcht erstes Produkt","reha buddy erhält 600.000 Euro Förderung & launcht erstes Produkt Link zum Originalbeitrag","https://www.inits.at/wp-content/uploads/2021/03/image-1.png","26. Feber 2021"
"50","https://www.inits.at/robo-wunderkind-auf-kickstarter/","INiTS","ROBO WUNDERKIND AUF KICKSTARTER","Robo Wunderkind ist ein High Tech Startup, das Kindern Robotertechnologie und Programmier-Skills vermittelt. Nun hat man eine Crowd-Funding Kampagne via Kickstarter gestartet. Statt um $199 bekommt man Robo Coding Saga – Ihren Einstieg in die spannende Welt der Robotik und Codierung – schon um $ 149.","https://www.inits.at/wp-content/uploads/2020/05/robowunderkind-820x461-1.jpg","23. Oktober 2019"
"51","https://www.inits.at/scaleup-talk-mit-katharina-klausberger-und-armin-strbac-von-shpock/","INiTS","SCALEup Talk mit Katharina Klausberger und Armin Strbac von Shpock","SCALEup Talk mit Katharina Klausberger und Armin Strbac von Shpock Shpock ist ein mobiler Marktplatz, der Millionen private Käufer & Verkäufer sowie lokale Händler in ganz Europa miteinander verbindet. Die Produktkategorien reichen von Elektronik und Kleidung, über Möbel bis hin zu Spezialbereichen wie Autos und Immobilien. Katharina Klausberger hat vor der Gründung von Shpock am Institut für Entrepreneurship und Innnovation der WU Wien gearbeitet, unterrichtet und geforscht. Davor studierte sie in Wien und UK Wirtschaft, und war im Finanz- und Marketingbereich tätig. Armin Strbac war jahrelang bei der Top-Managementberatung BGC weltweit im Einsatz. Davor studierte er BWL an der WU Wien. Was die beiden 2010 mit finderly als Empfehlungsportal für Elektronikprodukte begannen, hat sich seit 2012 mit Shpock zu einem der größten und am schnellsten wachsenden mobile-first Kleinanzeigen-Marktplätze in Europa und in der Welt entwickelt. Das Ziel war es, eine Plattform zu bieten auf der Second Hand kaufen und verkaufen endlich wieder einfach geht und Spaß macht. Und so schöne gebrauchte Dinge nicht auf dem Müll landen oder im Schrank verstauben, sondern einen neuen Besitzer finden. Schließlich wurde Shpock von Schibsted, einer der alteingesessenen Größen im Kleinanzeigenbereich gekauft. Shpock verzeichnet pro Monat mehr als 10 Millionen aktive User und über 2 Milliarden Seitenaufrufe. www.shpock.com Play Video","https://www.inits.at/wp-content/uploads/2020/10/Scaleuptalk.013.jpeg","16. Jänner 2021"
"52","https://www.inits.at/scaleup-talk-mit-walter-wohlkinger-von-blue-danube-robotics/","INiTS","SCALEup Talk mit Walter Wohlkinger von Blue Danube Robotics","SCALEup Talk mit Walter Wohlkinger von Blue Danube Robotics Begonnen hat alles eigentlich mit der Idee, einen Serviceroboter für den Heimbereich zu entwickeln. Warum dann der Schwenk zu Industrierobotern erfolgt ist, erzählt Walter Wohlkinger, der das Unternehmen 2013 gemeinsam mit Michael Zillich gegründet hat. Blue Danube Robotics konzentriert sich auf die sichere Mensch-Roboter-Kollaboration durch die Aufrüstung von Standard-Industrierobotern zu kollaborativen Anwendungen ohne Schutzgitter. Das österreichische Unternehmen entwickelt und produziert AIRSKIN®, eine patentierte, add-on Sicherheitshaut für Industrieroboter. Damit ausgestattet, können diese ohne Schutzzaun in der Produktion eingesetzt werden, als sogenanntes MRK System (Mensch-Roboter-Kollaboration) oder auch umgangssprachlich als Cobot bezeichnet. www.bluedanuberobotics.com Play Video","https://www.inits.at/wp-content/uploads/2020/08/Scaleuptalk.014b.jpeg","12. Feber 2021"
"53","https://www.inits.at/sim-characters-sucht-marketing-specialist/","INiTS","SIM Characters sucht: Marketing Specialist","SIM Characters sucht: Marketing Specialist Die SIMCharacters GmbH ist ein junges und innovatives Start-Up mit Schwerpunkt medizinische Simulation. Wir sind ein expandierendes Unternehmen mit dzt. 20 MitarbeiterInnen mit Headquarter in Wien. Kunden für unsere Neugeborenensimulatoren sind Krankenhäuser und medizinische Simulationszentren weltweit. Ab sofort suchen wir eine kreative, aber auch strategische Person, die unseren Marketingbereich mit aufbaut. Gemeinsam mit unserem Creative Designer wird es deine Aufgabe sein, unsere Community zu vergrößern, Werbekampagnen zu kreieren, zu planen und durchzuführen und Kunden für unsere Produkte zu begeistern. Link zum Originalbeitrag","https://www.inits.at/wp-content/uploads/2020/12/logotile_sim.jpeg","14. Mai 2021"
"54","https://www.inits.at/skain-testphase/","INiTS","SKAIN startet die Testphase für den Fitness-Tracker „trackbar“.","SKAIN startet die Testphase für den Fitness-Tracker „trackbar“. Anmelden und mitmachen! Link zum Originalbeitrag","https://www.inits.at/wp-content/uploads/2021/03/INiTS_Bild4.jpg","9. August 2020"
"55","https://www.inits.at/startip-matching-day-was-a-success/","INiTS","Der START:IP Matching Day war ein Erfolg!","Wir haben es geschafft. Der erste vollständig digitale Matching Day war sozusagen das „Meisterstück“ nach einem Jahr des Lernens, wie man digitale Veranstaltungen am besten durchführt. Eine Hauptbühne mit dem Live-Stream aus 20 Technologie-Pitches und 5 Vorträgen von Standorten in ganz Europa, 20 separate Stände mit vorab aufgezeichneten Präsentationen und On-Demand-Live-Sessions und die Möglichkeit, One-on-One-Meetings zu machen – geplant oder sofort. Alles ohne größere Schwierigkeiten – ein großes Lob an unsere Plattform Hopin und unser technisches Team, das wieder einmal einen großartigen Job gemacht hat! Wochenlange Planung, Vorbereitungen, Tests und Proben haben zu einem hoch interaktiven Event geführt, nach dem alle unsere Technologieanbieter am Ende mehrere Kontakte zur Weiterverfolgung hatten. Alle Technologiestände hatten im Durchschnitt 20 Besucher und drei Kontaktanfragen von Personen, die nach dem Event kontaktiert werden wollten, zusätzlich zu den bereits während der Veranstaltung geknüpften Kontakten. Fast 50 direkte Einzelgespräche und mehr als 100 private Chats wurden direkt über die Veranstaltungsplattform geführt. Alle Technologien sind weiterhin auf unserer Website zugänglich und die Möglichkeit zur Kontaktaufnahme mit den Forscher*innen ist weiterhin gegeben. Natürlich wird START:IP fortgesetzt, mehr zum Programm erfahren Sie hier.","https://www.inits.at/wp-content/uploads/2021/02/Beitragsbilder.061.jpeg","1. Feber 2021"
"56","https://www.inits.at/startip-matching-day/","INiTS","START:IP MATCHING DAY 2020","Countdown für den START:IP Matching Day. Am 30. Jänner 2020 ist es wieder soweit. Potenzielle GründerInnen ohne eigene Gründungsidee, Serial Entrepreneurs und innovationsfreudige Unternehmen bekommen exklusiven Zugang zu Spitzentechnologie, die auf pfiffige Geschäftsmodelle warten. Forscher aus fünf Ländern und neun Universitäten stellen dabei 17 patentierte Lösungen vor, die allesamt nach einem mehrmonatigen Screening- und Bewertungsprozess ausgewählt wurden. Folgende Spitzentechnologien und Patente stehen dabei zur Wahl: Heat Pump & Cogeneration: Kraft-Wärme-Kopplung, mit der der Wirkungsgrad von Wärmekraftwerken deutlich gesteigert werden kann, was neben einer Kostenersparnis auch eine Senkung von CO2 Emissionen zur Folge hat. PoroSolv: Prozesstechnologie für die Pharmaindustrie, mit deren Hilfe die Wasserlöslichkeit von Wirkstoffen erhöht und gleichzeitig umweltfreundlicher hergestellt werden kann. FideliCell: Verfahren zur Vereinheitlichung von Zellproduktion im großen Maßstab, d.h. Verhinderung von Mutationen. Dies ist insbesondere bei der Stammzellentherapie von Bedeutung. BrailleRing: Innovatives Gerät zum Auslesen von Blindenschrift auf Displays und Monitoren, das in der Bedienung und in der Wartung einfacher und deutlich komfortabler ist als herkömmliche Lösungen. Plasma Swing: Mechanische Apparatur, mit der nunmehr die Vorteile der Plasmatechnologie für die Oberflächenbehandlung von in Form und Material unterschiedlichsten Werkstücken genutzt werden können. Chilly Plating: Ein Verfahren, das die Beschichtung von Kunststoff mit Platin oder Paladium bei niedrigen Temperaturen ermöglicht, wie dies in der Fotovoltaik oder bei Brennstoffzellen zur Anwendung kommt. Green Machining: Methode, bei der Kühl- und Schmiermittel vorabgemischt und automatisch dosiert in den Fräsvorgang integriert werden. Damit gelingt eine maschinenschonendere, energie- und CO2-sparende Bearbeitung von sehr harten Materialien. LiverBIS: Nicht-invasive, zuverlässige und kostengünstiges Messgerät zur Diagnose von nicht alkoholischer Fettlebererkrankung als Alternative zu herkömmlicher Biopsie. Peridocure: Neuartige Doppelmembran zur effektiven Behandlung von Paradontose. Trauma-on-a-Chip: Testverfahren zur Simulation von Gewebsverletzungen auf einem Bio-Chip, mit dem die Entwicklung von Medikamenten zur Wundbehandlung verbessert werden kann. ALDOX: Ein biotechnologisches Verfahren mit dem aus überschüssiger Molke Oxydations- und Pflegemittel gewonnen werden können. U.R.T.: Kurbelbasierter Rollstuhlantrieb mit folgenden Vorteilen gegenüber herkömmlichen Rollstühlen – höherer Wirkungsgrad, gelenksschonend, gesundheitsfördernd Smart Orange: Neue Quantenpunkte, die eine bessere Farbkraft und Auflösung von Monitoren und Mikroskopen ermöglichen und dabei ungiftig sowie energieeffizient ist (Solarpanele) und zudem Kostenersparnisse erlaubt. Vaccine Booster from the Sea: Wirkstoffverstärker für Impfstoffe ohne Nebenwirkungen, der zusätzlich Vorteile bei der Kühlkette und in der Lagerung verspricht. Tomato Savior: Umweltfreundlicher biologischer Wirkstoff zur Behandlung der Fleckenkrankheit von Tomaten. Im Vergleich zur kupferbasierten Methode ist das Verfahren auch günstiger und erfüllt neueste EU-Vorschriften Electrical Grids Protection: Einfaches und kostengünstiges Verfahren, das die Frequenzstabilität von Stromnetzwerken deutlich verbessert. Damit können Stromausfälle verhindert werden. Fluoroscan: Scanner zur Qualitätskontrolle und -sicherung von Bitumen für Ölindustrie-, Straßenbau-, Dach-/Kellerabdichtungen.","https://www.inits.at/wp-content/uploads/2020/01/Beitragsbilder.017.jpeg","29. Jänner 2020"
"57","https://www.inits.at/studie-unter-technologiesuchern-zeigt-bedarf-an-innovativen-loesungen-in-allen-branchen/","INiTS","Studie unter Technologiesuchern zeigt Bedarf an innovativen Lösungen in allen Branchen","START:IP bringt Technologieanbieter und -sucher zusammen, um in einer geeigneten Kooperation die Technologie zur Marktreife zu bringen. In einer kürzlich durchgeführten Umfrage haben wir Technologiesuchende nach ihrem Branchenschwerpunkt befragt. Hier eine Zusammenfassung der Ergebnisse: Große Bereitschaft zur Teilnahme an der Studie Mit Stand 6. September 2020 haben 116 Personen die Umfrage beantwortet, was einer Rücklaufquote von ca. 5% entspricht. Davon sind 49% Gründer, 14% Business Angel, 31% Unternehmensvertreter (F&E Leiter, Innovationsmanager, Business Developer) und 6% Investment Manager, die für VC Fonds tätig sind (Abbildung 1). Abbildung 1: Umfrageteilnehmer und ihre Rollen Engeres Suchfeld bei Unternehmensvertretern Die Umfrageteilnehmer konnten aus einer Liste von 12 Haupt- und 48 Untergruppen die für sie wichtigsten Branchen wählen. Während im Mittel jeder Umfrageteilnehmer 11 Untergruppen ankreuzt, sind es in der Gruppe der Unternehmensvertreter nur 7 (Abbildung 2). Abbildung 2: Durchschnittliche Anzahl der gewählten Branchenuntergruppen Bedarf an neuen technologischen Ansätzen vor allem in 7 Branchen Jede Branche wurde von den Umfrageteilnehmern zumindest einmal gewählt. Allerdings waren folgende 7 Branchen besonders nachgefragt (Abbildung 3). Abbildung 3: Die 7 beliebtesten Branchen Über die Umfrage: Die Umfrage (https://bit.ly/3i965qD) wurde im Juli 2020 gestartet und läuft noch bis 31. Oktober 2020. Ca. 2000 Personen aus dem INiTS Netzwerk wurden zur Teilnahme eingeladen. Eine Kampagne auf Facebook und LinkedIn in den Ländern Deutschland, Österreich, Polen, Schweiz, Slowakei, Slowenien, Tschechien und Ungarn soll die geografische Reichweite erhöhen. Die Umfrage ist nicht repräsentativ. Fragen oder Kommentare richten Sie bitte an markus.pietzka@inits.at. ","https://www.inits.at/wp-content/uploads/2020/09/Beitragsbilder.008.jpeg","17. September 2020"
"58","https://www.inits.at/thinkers-at-eroeffnet-buero-in-leipzig/","INiTS","thinkers.at eröffnet Büro in Leipzig","thinkers.at eröffnet Büro in Leipzig Das österreichische Machine Learning Unternehmen thinkers.ai ist seit Anfang März 2021 auch vor Ort in Mitteldeutschland vertreten. thinkers.ai nutzt Künstliche Intelligenz, um die für den Nutzer relevanten Informationen aus dem Web herauszufiltern und damit im World Wide Web qualitativ hochwertige Rechercheergebnisse zu erzielen. Download PDF","https://www.inits.at/wp-content/uploads/2020/11/logotile_thinkers.jpeg","31. März 2021"
"59","https://www.inits.at/timebite-sucht-marketing-manager/","INiTS","Timebite sucht: Marketing Manager","Timebite sucht: Marketing Manager Download PDF","https://www.inits.at/wp-content/uploads/2021/03/logotile_timebite.jpeg","12. März 2021"
"60","https://www.inits.at/ubicube-sucht-business-development-manager/","INiTS","ubicube sucht: Business Development Manager (m/f/x)","ubicube sucht: Business Development Manager (m/f/x) Download PDF","https://www.inits.at/wp-content/uploads/2020/07/logotile_ubicube.jpeg","22. Feber 2021"
"61","https://www.inits.at/usepat-in-der-futurezone-datenanalyse-mit-ultraschall/","INiTS","UsePAT in der futurezone: Datenanalyse mit Ultraschall","UsePAT in der futurezone: Datenanalyse mit Ultraschall Das Wiener Start-up UsePAT hat ein weltweit einzigartiges Verfahren zur Analyse von Flüssigkeiten in industriellen Produktion entwickelt. Link zum Originalbeitrag","https://www.inits.at/wp-content/uploads/2021/03/image-e1615585170335.png","14. Feber 2021"
"62","https://www.inits.at/usepat-sucht-sales-application-engineer-w-m/","INiTS","usePAT sucht: Sales & Application Engineer (w/m)","usePAT sucht: Sales & Application Engineer (w/m) Die usePAT GmbH, ein junges High-Tech Unternehmen, das industrielle Messungen in Flüssigkeiten verbessert, sucht eine/n Sales & Application Engineer (w/m)! KandidatInnenen mit hoher Affinität zu technischen Lösungen und hoher Kommunikationsfähigkeit finden in der Beilage weitere Informationen. Download PDF","https://www.inits.at/wp-content/uploads/2020/12/logotile_usepat.jpeg","5. Mai 2021"
"63","https://www.inits.at/visplore-1-mio-euro-investment-fuer-wiener-datenanalyse-startup/","INiTS","Visplore: 1 Mio. Euro Investment für Wiener Datenanalyse-Startup","Visplore: 1 Mio. Euro Investment für Wiener Datenanalyse-Startup Das Spin-Off aus dem Wiener Forschungszentrum VRVis, das erst im Juni 2020 gegründet wurde, holt sich ein Seed-Investment über eine Million Euro. Das gesamte Kapital kommt dabei von btov Partners‘ Industrial Technologies Fonds. Visplore ist auf Kunden aus der produzierenden Industrie und der Energiewirtschaft fokussiert. Unter diesen sind etwa Verbund, Mondi und RHI Magnesita, aber etwa auch das AIT. Link zum Originalbeitrag","https://www.inits.at/wp-content/uploads/2021/03/image-2.png","25. Feber 2021"
